date,month,numerator,denominator,calc_value,name,type
2019-04-01,0,5068,9342,0.5424962534789124,Basildon,Speed limit
2019-05-01,1,5401,9908,0.5451150585385547,Basildon,Speed limit
2019-06-01,2,4769,8923,0.5344615039784826,Basildon,Speed limit
2019-07-01,3,5193,9675,0.5367441860465116,Basildon,Speed limit
2019-08-01,4,5457,10190,0.5355250245338568,Basildon,Speed limit
2019-09-01,5,5599,10373,0.5397667020148462,Basildon,Speed limit
2019-10-01,6,5936,10824,0.5484109386548411,Basildon,Speed limit
2019-11-01,7,5746,10549,0.544696179732676,Basildon,Speed limit
2019-12-01,8,6133,11129,0.5510827567616138,Basildon,Speed limit
2020-01-01,9,5951,10886,0.5466654418519199,Basildon,Speed limit
2020-02-01,10,5130,9544,0.5375104777870914,Basildon,Speed limit
2020-03-01,11,7661,13713,0.5586669583606797,Basildon,Speed limit
2020-04-01,12,6187,11482,0.5388434070719387,Basildon,Speed limit
2020-05-01,13,5332,10241,0.5206522800507762,Basildon,Speed limit
2020-06-01,14,5206,10019,0.5196127358019762,Basildon,Speed limit
2020-07-01,15,5181,9986,0.5188263568996595,Basildon,Speed limit
2020-08-01,16,4759,9044,0.5262052189296771,Basildon,Speed limit
2020-09-01,17,5365,10231,0.5243866679698954,Basildon,Speed limit
2020-10-01,18,5204,9877,0.5268806317707806,Basildon,Speed limit
2020-11-01,19,5210,10006,0.5206875874475315,Basildon,Speed limit
2020-12-01,20,5424,10279,0.5276777896682556,Basildon,Speed limit
2021-01-01,21,5355,10340,0.5178916827852998,Basildon,Speed limit
2021-02-01,22,4604,8924,0.5159121470192739,Basildon,Speed limit
2021-03-01,23,4874,9493,0.5134309491204045,Basildon,Speed limit
2021-04-01,24,5072,9846,0.5151330489538899,Basildon,Speed limit
2021-05-01,25,4510,8756,0.5150753768844221,Basildon,Speed limit
2021-06-01,26,5398,10247,0.5267883282912071,Basildon,Speed limit
2021-07-01,27,5232,10116,0.5172004744958482,Basildon,Speed limit
2021-08-01,28,4623,9003,0.5134955014995002,Basildon,Speed limit
2021-09-01,29,5297,10055,0.5268025857782198,Basildon,Speed limit
2021-10-01,30,5089,9664,0.5265935430463576,Basildon,Speed limit
2021-11-01,31,5312,10122,0.5247974708555622,Basildon,Speed limit
2021-12-01,32,5295,10106,0.5239461705917277,Basildon,Speed limit
2022-01-01,33,5336,10300,0.5180582524271845,Basildon,Speed limit
2022-02-01,34,4318,8410,0.513436385255648,Basildon,Speed limit
2022-03-01,35,5461,10437,0.5232346459710645,Basildon,Speed limit
2022-04-01,36,4506,8669,0.5197831353097243,Basildon,Speed limit
2022-05-01,37,4957,9598,0.516461762867264,Basildon,Speed limit
2022-06-01,38,5084,9866,0.5153050881816339,Basildon,Speed limit
2022-07-01,39,4592,8899,0.5160130351724913,Basildon,Speed limit
2022-08-01,40,4404,9132,0.48226018396846254,Basildon,Speed limit
2022-09-01,41,4207,8594,0.48952757737956715,Basildon,Speed limit
2022-10-01,42,4609,9468,0.48679763413603716,Basildon,Speed limit
2022-11-01,43,4194,8587,0.48841271689763593,Basildon,Speed limit
2022-12-01,44,4787,9430,0.5076352067868505,Basildon,Speed limit
2023-01-01,45,4434,8941,0.4959176825858405,Basildon,Speed limit
2023-02-01,46,4167,8703,0.4788004136504654,Basildon,Speed limit
2023-03-01,47,5162,10851,0.47571652382268914,Basildon,Speed limit
2023-04-01,48,3736,7889,0.47357079477753833,Basildon,Speed limit
2023-05-01,49,4489,9424,0.4763370118845501,Basildon,Speed limit
2023-06-01,50,4496,9347,0.4810099497164866,Basildon,Speed limit
2023-07-01,51,3824,8197,0.466512138587288,Basildon,Speed limit
2023-08-01,52,3796,8183,0.46388854943174873,Basildon,Speed limit
2023-09-01,53,3901,8179,0.47695317275950605,Basildon,Speed limit
2023-10-01,54,4424,9583,0.4616508400292184,Basildon,Speed limit
2023-11-01,55,4253,9000,0.47255555555555556,Basildon,Speed limit
2023-12-01,56,4192,9041,0.4636655237252516,Basildon,Speed limit
2024-01-01,57,4229,9162,0.46158044095175726,Basildon,Speed limit
2024-02-01,58,3852,8489,0.4537636941924844,Basildon,Speed limit
2024-03-01,59,3967,8905,0.4454800673778776,Basildon,Speed limit
2024-04-01,60,3782,8468,0.4466225791213982,Basildon,Speed limit
2019-04-01,0,2604,5230,0.49789674952198854,Bath,CAZ C
2019-05-01,1,3012,6233,0.48323439756136694,Bath,CAZ C
2019-06-01,2,2722,5387,0.5052905142008539,Bath,CAZ C
2019-07-01,3,2816,5593,0.5034865009833721,Bath,CAZ C
2019-08-01,4,2677,5517,0.48522747870219324,Bath,CAZ C
2019-09-01,5,2778,5590,0.49695885509839,Bath,CAZ C
2019-10-01,6,3207,6496,0.4936884236453202,Bath,CAZ C
2019-11-01,7,2786,5671,0.49127138070886966,Bath,CAZ C
2019-12-01,8,3113,6074,0.5125123477115574,Bath,CAZ C
2020-01-01,9,3156,6424,0.4912826899128269,Bath,CAZ C
2020-02-01,10,2732,5563,0.4911019234226137,Bath,CAZ C
2020-03-01,11,5493,10586,0.5188928773852257,Bath,CAZ C
2020-04-01,12,3170,6434,0.4926950575069941,Bath,CAZ C
2020-05-01,13,2454,5387,0.4555411175051049,Bath,CAZ C
2020-06-01,14,2569,5507,0.46649718540039947,Bath,CAZ C
2020-07-01,15,2747,5558,0.49424253328535445,Bath,CAZ C
2020-08-01,16,2324,4931,0.4713039951328331,Bath,CAZ C
2020-09-01,17,2849,5933,0.4801955166020563,Bath,CAZ C
2020-10-01,18,2922,6236,0.46856959589480435,Bath,CAZ C
2020-11-01,19,2727,5943,0.45885916203937405,Bath,CAZ C
2020-12-01,20,2785,5921,0.4703597365309914,Bath,CAZ C
2021-01-01,21,2754,5916,0.46551724137931033,Bath,CAZ C
2021-02-01,22,2384,5176,0.4605873261205564,Bath,CAZ C
2021-03-01,23,2525,5556,0.45446364290856733,Bath,CAZ C
2021-04-01,24,2633,5679,0.46363796443035743,Bath,CAZ C
2021-05-01,25,2436,5371,0.4535468255445913,Bath,CAZ C
2021-06-01,26,2885,6166,0.4678884203697697,Bath,CAZ C
2021-07-01,27,2882,6127,0.4703770197486535,Bath,CAZ C
2021-08-01,28,2647,5587,0.47377841417576516,Bath,CAZ C
2021-09-01,29,3063,6399,0.4786685419596812,Bath,CAZ C
2021-10-01,30,2931,6147,0.47681795998047827,Bath,CAZ C
2021-11-01,31,3077,6428,0.4786869943995022,Bath,CAZ C
2021-12-01,32,3136,6654,0.47129546137661554,Bath,CAZ C
2022-01-01,33,2856,6047,0.4723003142053911,Bath,CAZ C
2022-02-01,34,2438,5358,0.45502053004852555,Bath,CAZ C
2022-03-01,35,2851,6129,0.46516560613476915,Bath,CAZ C
2022-04-01,36,2637,5595,0.471313672922252,Bath,CAZ C
2022-05-01,37,2682,5834,0.45971888926979776,Bath,CAZ C
2022-06-01,38,2865,6119,0.46821376041836904,Bath,CAZ C
2022-07-01,39,2810,6073,0.46270377078873703,Bath,CAZ C
2022-08-01,40,2547,5527,0.4608286593088475,Bath,CAZ C
2022-09-01,41,2788,6023,0.46289224638884274,Bath,CAZ C
2022-10-01,42,2768,5988,0.4622578490313961,Bath,CAZ C
2022-11-01,43,2823,6230,0.4531300160513644,Bath,CAZ C
2022-12-01,44,3287,6884,0.4774840209180709,Bath,CAZ C
2023-01-01,45,2810,6204,0.4529335912314636,Bath,CAZ C
2023-02-01,46,2569,5764,0.4456974323386537,Bath,CAZ C
2023-03-01,47,2720,6161,0.44148677162798244,Bath,CAZ C
2023-04-01,48,2457,5540,0.4435018050541516,Bath,CAZ C
2023-05-01,49,2565,5869,0.43704208553416257,Bath,CAZ C
2023-06-01,50,2592,6007,0.4314965873147994,Bath,CAZ C
2023-07-01,51,2387,5704,0.41847826086956524,Bath,CAZ C
2023-08-01,52,2239,5334,0.41976002999625045,Bath,CAZ C
2023-09-01,53,2341,5385,0.43472609099350046,Bath,CAZ C
2023-10-01,54,2640,6321,0.41765543426672996,Bath,CAZ C
2023-11-01,55,2751,6354,0.43295561850802644,Bath,CAZ C
2023-12-01,56,2591,5992,0.4324098798397864,Bath,CAZ C
2024-01-01,57,2528,6122,0.41293694870957204,Bath,CAZ C
2024-02-01,58,2418,5698,0.42435942435942436,Bath,CAZ C
2024-03-01,59,2550,5901,0.43213014743263856,Bath,CAZ C
2024-04-01,60,2430,5770,0.42114384748700173,Bath,CAZ C
2019-04-01,0,47907,88768,0.5396877253064167,Birmingham,CAZ D
2019-05-01,1,50984,94773,0.5379591233790214,Birmingham,CAZ D
2019-06-01,2,48069,89589,0.5365502461239661,Birmingham,CAZ D
2019-07-01,3,49962,92587,0.5396221931804681,Birmingham,CAZ D
2019-08-01,4,51659,97093,0.5320568939058429,Birmingham,CAZ D
2019-09-01,5,52390,95894,0.5463324087012743,Birmingham,CAZ D
2019-10-01,6,54938,100778,0.5451388199805514,Birmingham,CAZ D
2019-11-01,7,52411,96516,0.5430291350656886,Birmingham,CAZ D
2019-12-01,8,54069,99032,0.5459750383714355,Birmingham,CAZ D
2020-01-01,9,53608,99507,0.5387359683238365,Birmingham,CAZ D
2020-02-01,10,47854,89245,0.5362093114460194,Birmingham,CAZ D
2020-03-01,11,73247,132721,0.5518870412368804,Birmingham,CAZ D
2020-04-01,12,53515,100672,0.5315777972027972,Birmingham,CAZ D
2020-05-01,13,46514,90416,0.5144443461334277,Birmingham,CAZ D
2020-06-01,14,47524,92687,0.5127364139523342,Birmingham,CAZ D
2020-07-01,15,45981,90016,0.5108091894774263,Birmingham,CAZ D
2020-08-01,16,42819,83236,0.5144288529001875,Birmingham,CAZ D
2020-09-01,17,55810,103980,0.5367378341988844,Birmingham,CAZ D
2020-10-01,18,51146,97614,0.5239617268014833,Birmingham,CAZ D
2020-11-01,19,48397,92720,0.5219693701466782,Birmingham,CAZ D
2020-12-01,20,51275,98932,0.5182852868637043,Birmingham,CAZ D
2021-01-01,21,47836,92370,0.5178737685395691,Birmingham,CAZ D
2021-02-01,22,43901,85358,0.5143161742308864,Birmingham,CAZ D
2021-03-01,23,48220,93052,0.5182048746937197,Birmingham,CAZ D
2021-04-01,24,46743,90583,0.5160239780091187,Birmingham,CAZ D
2021-05-01,25,44863,86874,0.5164145774339849,Birmingham,CAZ D
2021-06-01,26,49637,95060,0.5221649484536083,Birmingham,CAZ D
2021-07-01,27,49185,94478,0.5205973877516459,Birmingham,CAZ D
2021-08-01,28,45732,88468,0.5169326762219107,Birmingham,CAZ D
2021-09-01,29,53427,100253,0.5329217080785612,Birmingham,CAZ D
2021-10-01,30,51723,97306,0.5315499558095081,Birmingham,CAZ D
2021-11-01,31,52970,99796,0.5307827969056876,Birmingham,CAZ D
2021-12-01,32,53567,102187,0.5242056230244552,Birmingham,CAZ D
2022-01-01,33,50825,97237,0.5226919793905612,Birmingham,CAZ D
2022-02-01,34,45532,88072,0.5169861022799528,Birmingham,CAZ D
2022-03-01,35,51948,99941,0.5197866741377413,Birmingham,CAZ D
2022-04-01,36,46688,90143,0.5179326181733468,Birmingham,CAZ D
2022-05-01,37,49153,94968,0.5175743408305956,Birmingham,CAZ D
2022-06-01,38,49247,94695,0.5200591372300544,Birmingham,CAZ D
2022-07-01,39,47806,92990,0.5140982901387245,Birmingham,CAZ D
2022-08-01,40,46835,92471,0.5064831136248121,Birmingham,CAZ D
2022-09-01,41,50685,98149,0.5164087255091748,Birmingham,CAZ D
2022-10-01,42,49001,94509,0.5184797215080045,Birmingham,CAZ D
2022-11-01,43,51611,99472,0.5188495254946115,Birmingham,CAZ D
2022-12-01,44,54379,103861,0.5235747778280586,Birmingham,CAZ D
2023-01-01,45,51463,100230,0.5134490671455652,Birmingham,CAZ D
2023-02-01,46,44904,88820,0.5055618104030624,Birmingham,CAZ D
2023-03-01,47,49482,99931,0.49516166154646707,Birmingham,CAZ D
2023-04-01,48,42885,86279,0.49705026715655026,Birmingham,CAZ D
2023-05-01,49,47608,94686,0.5027987242042118,Birmingham,CAZ D
2023-06-01,50,50392,98175,0.5132874968169086,Birmingham,CAZ D
2023-07-01,51,47030,93638,0.5022533586791688,Birmingham,CAZ D
2023-08-01,52,45046,90878,0.4956755210281916,Birmingham,CAZ D
2023-09-01,53,48407,95167,0.508653209620982,Birmingham,CAZ D
2023-10-01,54,50675,99337,0.5101321763290617,Birmingham,CAZ D
2023-11-01,55,50641,99421,0.5093591897084117,Birmingham,CAZ D
2023-12-01,56,50248,98838,0.5083874623120662,Birmingham,CAZ D
2024-01-01,57,50897,100344,0.5072251454994818,Birmingham,CAZ D
2024-02-01,58,45456,91529,0.4966294835516612,Birmingham,CAZ D
2024-03-01,59,46157,92966,0.49649334165178666,Birmingham,CAZ D
2024-04-01,60,47215,95345,0.49520163616340657,Birmingham,CAZ D
2019-04-01,0,15619,27890,0.560021513087128,Bradford,CAZ C
2019-05-01,1,16363,29476,0.5551295969602389,Bradford,CAZ C
2019-06-01,2,15406,27887,0.552443791013734,Bradford,CAZ C
2019-07-01,3,15647,28340,0.5521171489061397,Bradford,CAZ C
2019-08-01,4,15907,29444,0.5402458905040076,Bradford,CAZ C
2019-09-01,5,16524,29425,0.5615632965165676,Bradford,CAZ C
2019-10-01,6,18066,32547,0.5550742003871324,Bradford,CAZ C
2019-11-01,7,16582,30026,0.5522547125824285,Bradford,CAZ C
2019-12-01,8,17373,31188,0.5570411696806464,Bradford,CAZ C
2020-01-01,9,17507,31930,0.5482931412464767,Bradford,CAZ C
2020-02-01,10,14801,27655,0.5352015910323631,Bradford,CAZ C
2020-03-01,11,22550,40259,0.560123202265332,Bradford,CAZ C
2020-04-01,12,16020,30365,0.5275810966573358,Bradford,CAZ C
2020-05-01,13,13600,26317,0.5167762282934985,Bradford,CAZ C
2020-06-01,14,14486,28089,0.5157178966855352,Bradford,CAZ C
2020-07-01,15,14608,28351,0.5152551938203238,Bradford,CAZ C
2020-08-01,16,13491,25993,0.5190243527103451,Bradford,CAZ C
2020-09-01,17,16634,30778,0.5404509714731301,Bradford,CAZ C
2020-10-01,18,16231,30832,0.5264335755059678,Bradford,CAZ C
2020-11-01,19,15188,28811,0.5271597653673944,Bradford,CAZ C
2020-12-01,20,15614,29933,0.5216316440049443,Bradford,CAZ C
2021-01-01,21,14327,27605,0.5190001811266075,Bradford,CAZ C
2021-02-01,22,13366,26141,0.5113040817107226,Bradford,CAZ C
2021-03-01,23,15418,29559,0.5216008660644812,Bradford,CAZ C
2021-04-01,24,14066,27178,0.5175509603355656,Bradford,CAZ C
2021-05-01,25,13741,26220,0.5240655987795576,Bradford,CAZ C
2021-06-01,26,14928,28262,0.5282004104451207,Bradford,CAZ C
2021-07-01,27,14818,27986,0.5294790252268992,Bradford,CAZ C
2021-08-01,28,14574,28049,0.5195907162465685,Bradford,CAZ C
2021-09-01,29,15951,29496,0.5407851912123678,Bradford,CAZ C
2021-10-01,30,16501,30385,0.5430640118479513,Bradford,CAZ C
2021-11-01,31,16870,31366,0.5378435248358094,Bradford,CAZ C
2021-12-01,32,17045,31892,0.5344600526777875,Bradford,CAZ C
2022-01-01,33,15697,29879,0.5253522540915024,Bradford,CAZ C
2022-02-01,34,14123,26967,0.5237141691697259,Bradford,CAZ C
2022-03-01,35,16095,30572,0.5264621222033233,Bradford,CAZ C
2022-04-01,36,14712,28085,0.5238383478725298,Bradford,CAZ C
2022-05-01,37,15363,29453,0.5216107017960819,Bradford,CAZ C
2022-06-01,38,15404,29064,0.5300027525461052,Bradford,CAZ C
2022-07-01,39,15128,29186,0.518330706503118,Bradford,CAZ C
2022-08-01,40,14743,28697,0.5137470815764714,Bradford,CAZ C
2022-09-01,41,16169,30871,0.5237601632600175,Bradford,CAZ C
2022-10-01,42,15616,29685,0.5260569311099882,Bradford,CAZ C
2022-11-01,43,16320,30608,0.5331939362258233,Bradford,CAZ C
2022-12-01,44,17178,32262,0.5324530407290311,Bradford,CAZ C
2023-01-01,45,15715,30243,0.5196243758886354,Bradford,CAZ C
2023-02-01,46,13923,26860,0.5183544303797468,Bradford,CAZ C
2023-03-01,47,14943,29500,0.506542372881356,Bradford,CAZ C
2023-04-01,48,13856,26898,0.5151312365231616,Bradford,CAZ C
2023-05-01,49,15005,29436,0.5097499660279929,Bradford,CAZ C
2023-06-01,50,15228,29795,0.5110924651787213,Bradford,CAZ C
2023-07-01,51,14288,28172,0.5071702399545648,Bradford,CAZ C
2023-08-01,52,14463,28746,0.5031308703819661,Bradford,CAZ C
2023-09-01,53,15173,29454,0.515142255720785,Bradford,CAZ C
2023-10-01,54,15970,30675,0.5206193969030155,Bradford,CAZ C
2023-11-01,55,15711,30286,0.5187545400515089,Bradford,CAZ C
2023-12-01,56,15606,30223,0.5163617112794892,Bradford,CAZ C
2024-01-01,57,15978,31310,0.5103161929096135,Bradford,CAZ C
2024-02-01,58,14387,28351,0.5074600543190716,Bradford,CAZ C
2024-03-01,59,14032,28102,0.4993238915379688,Bradford,CAZ C
2024-04-01,60,14520,28901,0.5024047610809315,Bradford,CAZ C
2019-04-01,0,14454,27720,0.5214285714285715,Bristol,CAZ D
2019-05-01,1,15869,29960,0.5296728971962616,Bristol,CAZ D
2019-06-01,2,14997,28521,0.5258230777321973,Bristol,CAZ D
2019-07-01,3,13567,26089,0.5200275978381693,Bristol,CAZ D
2019-08-01,4,16737,32010,0.5228678537956889,Bristol,CAZ D
2019-09-01,5,15198,28682,0.5298793668502894,Bristol,CAZ D
2019-10-01,6,17644,33565,0.5256666170117682,Bristol,CAZ D
2019-11-01,7,16978,32352,0.5247898120672602,Bristol,CAZ D
2019-12-01,8,17198,32600,0.5275460122699387,Bristol,CAZ D
2020-01-01,9,16813,32053,0.5245374847908152,Bristol,CAZ D
2020-02-01,10,15321,29512,0.519144754676064,Bristol,CAZ D
2020-03-01,11,25603,47816,0.5354483854776644,Bristol,CAZ D
2020-04-01,12,17433,34550,0.5045730824891461,Bristol,CAZ D
2020-05-01,13,14269,28974,0.49247601297715193,Bristol,CAZ D
2020-06-01,14,14199,28642,0.49574052091334403,Bristol,CAZ D
2020-07-01,15,14697,29729,0.49436577079619226,Bristol,CAZ D
2020-08-01,16,12914,25989,0.4969025356881758,Bristol,CAZ D
2020-09-01,17,16077,31720,0.5068411097099622,Bristol,CAZ D
2020-10-01,18,16684,33316,0.5007804058110217,Bristol,CAZ D
2020-11-01,19,15663,31576,0.49604129718773754,Bristol,CAZ D
2020-12-01,20,15972,32020,0.49881324172392255,Bristol,CAZ D
2021-01-01,21,15460,31603,0.4891940638546973,Bristol,CAZ D
2021-02-01,22,13211,27215,0.4854308285871762,Bristol,CAZ D
2021-03-01,23,14345,29434,0.4873615546646735,Bristol,CAZ D
2021-04-01,24,14098,28715,0.4909629113703639,Bristol,CAZ D
2021-05-01,25,13845,28709,0.4822529520359469,Bristol,CAZ D
2021-06-01,26,14725,29589,0.4976511541451215,Bristol,CAZ D
2021-07-01,27,15165,30661,0.49460226346172664,Bristol,CAZ D
2021-08-01,28,13533,27555,0.49112683723462164,Bristol,CAZ D
2021-09-01,29,15226,30335,0.5019284654689303,Bristol,CAZ D
2021-10-01,30,14991,29870,0.5018747907599598,Bristol,CAZ D
2021-11-01,31,16100,32488,0.4955675941886235,Bristol,CAZ D
2021-12-01,32,16385,33062,0.4955840542011978,Bristol,CAZ D
2022-01-01,33,15218,30597,0.49736902310684056,Bristol,CAZ D
2022-02-01,34,13754,28191,0.48788620481714023,Bristol,CAZ D
2022-03-01,35,15747,32139,0.4899654625221693,Bristol,CAZ D
2022-04-01,36,14058,28631,0.4910062519646537,Bristol,CAZ D
2022-05-01,37,14712,29997,0.49044904490449043,Bristol,CAZ D
2022-06-01,38,14868,30355,0.4898039861637292,Bristol,CAZ D
2022-07-01,39,14633,29670,0.4931917762049208,Bristol,CAZ D
2022-08-01,40,13784,28638,0.4813185278301557,Bristol,CAZ D
2022-09-01,41,14735,29858,0.49350257887333376,Bristol,CAZ D
2022-10-01,42,14811,30416,0.4869476591267754,Bristol,CAZ D
2022-11-01,43,15439,31570,0.48904022806461833,Bristol,CAZ D
2022-12-01,44,16168,32638,0.49537349102273426,Bristol,CAZ D
2023-01-01,45,15493,31723,0.48838382246319706,Bristol,CAZ D
2023-02-01,46,13802,28544,0.4835341928251121,Bristol,CAZ D
2023-03-01,47,15342,32090,0.4780928638205048,Bristol,CAZ D
2023-04-01,48,12848,27201,0.47233557589794495,Bristol,CAZ D
2023-05-01,49,13549,28528,0.47493690409422323,Bristol,CAZ D
2023-06-01,50,14500,30217,0.47986232915246385,Bristol,CAZ D
2023-07-01,51,13805,29217,0.4724988876339118,Bristol,CAZ D
2023-08-01,52,13209,28310,0.4665842458495231,Bristol,CAZ D
2023-09-01,53,13536,28754,0.4707518953884677,Bristol,CAZ D
2023-10-01,54,14668,30923,0.4743394884066876,Bristol,CAZ D
2023-11-01,55,14896,31147,0.4782483064179536,Bristol,CAZ D
2023-12-01,56,15405,32362,0.47602125950188495,Bristol,CAZ D
2024-01-01,57,15024,32115,0.46781877627276974,Bristol,CAZ D
2024-02-01,58,13708,29417,0.4659890539483972,Bristol,CAZ D
2024-03-01,59,14222,30801,0.4617382552514529,Bristol,CAZ D
2024-04-01,60,14054,30129,0.46646088486176107,Bristol,CAZ D
2019-04-01,0,11278,22291,0.5059441030012113,Coventry,Capacity
2019-05-01,1,11895,23828,0.49920261876783617,Coventry,Capacity
2019-06-01,2,11221,22354,0.5019683278160508,Coventry,Capacity
2019-07-01,3,11884,23463,0.50649959510719,Coventry,Capacity
2019-08-01,4,12438,24629,0.5050144139023103,Coventry,Capacity
2019-09-01,5,11768,23194,0.5073725963611279,Coventry,Capacity
2019-10-01,6,12737,25102,0.5074097681459645,Coventry,Capacity
2019-11-01,7,11775,23221,0.5070841049050429,Coventry,Capacity
2019-12-01,8,13073,25462,0.5134317806927972,Coventry,Capacity
2020-01-01,9,12538,24679,0.5080432756594676,Coventry,Capacity
2020-02-01,10,11143,22021,0.5060169837882021,Coventry,Capacity
2020-03-01,11,18271,34564,0.5286135863904641,Coventry,Capacity
2020-04-01,12,12805,25899,0.4944206340013128,Coventry,Capacity
2020-05-01,13,10830,22546,0.48035128182382686,Coventry,Capacity
2020-06-01,14,11238,23415,0.47994875080076876,Coventry,Capacity
2020-07-01,15,11305,23766,0.47567954220314734,Coventry,Capacity
2020-08-01,16,10136,21040,0.4817490494296578,Coventry,Capacity
2020-09-01,17,12361,24874,0.49694460078797137,Coventry,Capacity
2020-10-01,18,11859,24427,0.4854873705326074,Coventry,Capacity
2020-11-01,19,11166,23129,0.4827705477971378,Coventry,Capacity
2020-12-01,20,12135,25102,0.48342761532945583,Coventry,Capacity
2021-01-01,21,11150,23187,0.4808729029197395,Coventry,Capacity
2021-02-01,22,10235,21251,0.4816243941461578,Coventry,Capacity
2021-03-01,23,11156,23572,0.47327337519090446,Coventry,Capacity
2021-04-01,24,10936,22850,0.47859956236323853,Coventry,Capacity
2021-05-01,25,10575,22020,0.48024523160762944,Coventry,Capacity
2021-06-01,26,11793,24267,0.48596859933242675,Coventry,Capacity
2021-07-01,27,11889,24320,0.48885690789473685,Coventry,Capacity
2021-08-01,28,10659,22451,0.4747672709456149,Coventry,Capacity
2021-09-01,29,12215,24925,0.4900702106318957,Coventry,Capacity
2021-10-01,30,12197,24688,0.49404569021386907,Coventry,Capacity
2021-11-01,31,12698,25623,0.4955703859813449,Coventry,Capacity
2021-12-01,32,13030,26745,0.48719386801271264,Coventry,Capacity
2022-01-01,33,12016,24302,0.49444490165418487,Coventry,Capacity
2022-02-01,34,11220,22953,0.4888249901973598,Coventry,Capacity
2022-03-01,35,12397,25162,0.4926873857404022,Coventry,Capacity
2022-04-01,36,11863,24131,0.49160830467034106,Coventry,Capacity
2022-05-01,37,11707,23869,0.4904688089153295,Coventry,Capacity
2022-06-01,38,12034,24467,0.49184616013405813,Coventry,Capacity
2022-07-01,39,12064,24393,0.49456811380314025,Coventry,Capacity
2022-08-01,40,11683,24125,0.4842694300518135,Coventry,Capacity
2022-09-01,41,11929,24410,0.4886931585415813,Coventry,Capacity
2022-10-01,42,12030,24651,0.4880126566873555,Coventry,Capacity
2022-11-01,43,12622,25533,0.49434065718873615,Coventry,Capacity
2022-12-01,44,13798,27406,0.5034663942202438,Coventry,Capacity
2023-01-01,45,12211,24865,0.49109189623969435,Coventry,Capacity
2023-02-01,46,11055,22798,0.4849109571015001,Coventry,Capacity
2023-03-01,47,12287,25591,0.48012973310929624,Coventry,Capacity
2023-04-01,48,10653,22158,0.4807744381261847,Coventry,Capacity
2023-05-01,49,11530,23983,0.480757203018805,Coventry,Capacity
2023-06-01,50,13231,26315,0.5027930837925138,Coventry,Capacity
2023-07-01,51,11384,23458,0.48529286384175974,Coventry,Capacity
2023-08-01,52,11140,23389,0.47629227414596603,Coventry,Capacity
2023-09-01,53,12019,24437,0.49183615010025783,Coventry,Capacity
2023-10-01,54,12075,24474,0.49338073057121845,Coventry,Capacity
2023-11-01,55,13017,25930,0.502005399151562,Coventry,Capacity
2023-12-01,56,12738,25787,0.49396982975918097,Coventry,Capacity
2024-01-01,57,12581,25740,0.4887723387723388,Coventry,Capacity
2024-02-01,58,11661,23930,0.48729628081905557,Coventry,Capacity
2024-03-01,59,12353,25029,0.4935474849174957,Coventry,Capacity
2024-04-01,60,12602,25645,0.491401832715929,Coventry,Capacity
2019-04-01,0,9099,18397,0.49459150948524216,Derby,Capacity
2019-05-01,1,9952,20617,0.4827084444875588,Derby,Capacity
2019-06-01,2,9030,18623,0.48488428287601354,Derby,Capacity
2019-07-01,3,10268,20794,0.49379628739059345,Derby,Capacity
2019-08-01,4,9640,19796,0.4869670640533441,Derby,Capacity
2019-09-01,5,9440,19379,0.4871252386604056,Derby,Capacity
2019-10-01,6,10197,20893,0.488058201311444,Derby,Capacity
2019-11-01,7,9348,19025,0.491353482260184,Derby,Capacity
2019-12-01,8,10476,21137,0.4956237876709088,Derby,Capacity
2020-01-01,9,10160,20580,0.4936831875607386,Derby,Capacity
2020-02-01,10,9284,19001,0.4886058628493237,Derby,Capacity
2020-03-01,11,14342,28353,0.5058371248192431,Derby,Capacity
2020-04-01,12,9820,20224,0.4855617088607595,Derby,Capacity
2020-05-01,13,8222,17970,0.4575403450194769,Derby,Capacity
2020-06-01,14,8605,18715,0.45979161100721344,Derby,Capacity
2020-07-01,15,8682,18835,0.460950358375365,Derby,Capacity
2020-08-01,16,7824,16989,0.4605332862440403,Derby,Capacity
2020-09-01,17,9217,19516,0.4722791555646649,Derby,Capacity
2020-10-01,18,9414,20241,0.4650955980435749,Derby,Capacity
2020-11-01,19,8850,19288,0.45883450850269597,Derby,Capacity
2020-12-01,20,9241,20274,0.45580546512774983,Derby,Capacity
2021-01-01,21,8857,19357,0.45756057240274833,Derby,Capacity
2021-02-01,22,7847,17614,0.445497899398206,Derby,Capacity
2021-03-01,23,8803,19306,0.45597223661038017,Derby,Capacity
2021-04-01,24,8292,18366,0.45148644233910484,Derby,Capacity
2021-05-01,25,8241,17961,0.45882745949557374,Derby,Capacity
2021-06-01,26,8867,19213,0.4615104356425337,Derby,Capacity
2021-07-01,27,9267,20109,0.4608384305534835,Derby,Capacity
2021-08-01,28,8354,18417,0.45360264972579684,Derby,Capacity
2021-09-01,29,9351,19785,0.47263078089461713,Derby,Capacity
2021-10-01,30,9114,19415,0.4694308524336853,Derby,Capacity
2021-11-01,31,9766,20558,0.47504621072088726,Derby,Capacity
2021-12-01,32,9877,21078,0.46859284562102665,Derby,Capacity
2022-01-01,33,8982,19254,0.46650046743533813,Derby,Capacity
2022-02-01,34,8252,17910,0.46074818537130097,Derby,Capacity
2022-03-01,35,9148,19912,0.45942145439935717,Derby,Capacity
2022-04-01,36,8769,18922,0.46342881302187927,Derby,Capacity
2022-05-01,37,9344,20157,0.46356104579054425,Derby,Capacity
2022-06-01,38,9103,19092,0.47679656400586634,Derby,Capacity
2022-07-01,39,9534,20621,0.46234421221085303,Derby,Capacity
2022-08-01,40,9345,20130,0.4642324888226528,Derby,Capacity
2022-09-01,41,9520,20539,0.46350844734407715,Derby,Capacity
2022-10-01,42,9551,20293,0.47065490563248413,Derby,Capacity
2022-11-01,43,9985,21157,0.47194781868885005,Derby,Capacity
2022-12-01,44,11037,22855,0.482914023189674,Derby,Capacity
2023-01-01,45,9942,21157,0.46991539443210284,Derby,Capacity
2023-02-01,46,9287,19662,0.47233241786186553,Derby,Capacity
2023-03-01,47,9785,21430,0.4566028931404573,Derby,Capacity
2023-04-01,48,8236,18207,0.45235349041577416,Derby,Capacity
2023-05-01,49,9257,20369,0.4544651185625215,Derby,Capacity
2023-06-01,50,9894,21042,0.47020245223838036,Derby,Capacity
2023-07-01,51,8708,19385,0.4492133092597369,Derby,Capacity
2023-08-01,52,8670,19334,0.4484328126616324,Derby,Capacity
2023-09-01,53,8933,19772,0.4518005259963585,Derby,Capacity
2023-10-01,54,9421,20429,0.4611581575211709,Derby,Capacity
2023-11-01,55,9324,20251,0.46042170756999656,Derby,Capacity
2023-12-01,56,9512,20792,0.4574836475567526,Derby,Capacity
2024-01-01,57,9826,21461,0.45785378127766646,Derby,Capacity
2024-02-01,58,8821,19548,0.4512482095355024,Derby,Capacity
2024-03-01,59,8756,19563,0.4475796145785411,Derby,Capacity
2024-04-01,60,9031,20226,0.4465044991594977,Derby,Capacity
2019-04-01,0,1775,3339,0.5315962863132675,Farnborough,Speed limit
2019-05-01,1,1852,3645,0.5080932784636488,Farnborough,Speed limit
2019-06-01,2,1736,3324,0.5222623345367028,Farnborough,Speed limit
2019-07-01,3,1809,3476,0.5204257767548907,Farnborough,Speed limit
2019-08-01,4,1838,3611,0.5090002769315979,Farnborough,Speed limit
2019-09-01,5,1838,3400,0.5405882352941176,Farnborough,Speed limit
2019-10-01,6,1981,3856,0.51374481327800825,Farnborough,Speed limit
2019-11-01,7,1919,3638,0.5274876305662451,Farnborough,Speed limit
2019-12-01,8,2112,4065,0.5195571955719557,Farnborough,Speed limit
2020-01-01,9,1942,3782,0.5134849286092015,Farnborough,Speed limit
2020-02-01,10,1760,3471,0.5070584845865744,Farnborough,Speed limit
2020-03-01,11,3205,6037,0.5308928275633593,Farnborough,Speed limit
2020-04-01,12,1966,3884,0.5061791967044285,Farnborough,Speed limit
2020-05-01,13,1572,3193,0.49232696523645475,Farnborough,Speed limit
2020-06-01,14,1551,3238,0.47899938233477457,Farnborough,Speed limit
2020-07-01,15,1617,3319,0.48719493823440796,Farnborough,Speed limit
2020-08-01,16,1490,3079,0.4839233517375771,Farnborough,Speed limit
2020-09-01,17,1799,3644,0.49368825466520305,Farnborough,Speed limit
2020-10-01,18,1813,3817,0.4749803510610427,Farnborough,Speed limit
2020-11-01,19,1571,3247,0.48383122882660917,Farnborough,Speed limit
2020-12-01,20,1896,3845,0.4931079323797139,Farnborough,Speed limit
2021-01-01,21,1716,3653,0.4697508896797153,Farnborough,Speed limit
2021-02-01,22,1437,2997,0.4794794794794795,Farnborough,Speed limit
2021-03-01,23,1614,3437,0.4695955775385511,Farnborough,Speed limit
2021-04-01,24,1614,3396,0.4752650176678445,Farnborough,Speed limit
2021-05-01,25,1551,3208,0.4834788029925187,Farnborough,Speed limit
2021-06-01,26,1536,3284,0.46772228989037756,Farnborough,Speed limit
2021-07-01,27,1686,3443,0.48968922451350566,Farnborough,Speed limit
2021-08-01,28,1489,3114,0.4781631342324984,Farnborough,Speed limit
2021-09-01,29,1654,3409,0.48518627163391026,Farnborough,Speed limit
2021-10-01,30,1538,3279,0.4690454406831351,Farnborough,Speed limit
2021-11-01,31,1888,3829,0.49307913293288064,Farnborough,Speed limit
2021-12-01,32,1933,4043,0.47811031412317584,Farnborough,Speed limit
2022-01-01,33,1610,3490,0.46131805157593125,Farnborough,Speed limit
2022-02-01,34,1440,3222,0.44692737430167595,Farnborough,Speed limit
2022-03-01,35,1598,3522,0.45371947756956277,Farnborough,Speed limit
2022-04-01,36,1491,3350,0.4450746268656716,Farnborough,Speed limit
2022-05-01,37,1609,3641,0.4419115627574842,Farnborough,Speed limit
2022-06-01,38,1467,3200,0.4584375,Farnborough,Speed limit
2022-07-01,39,1552,3319,0.467610726122326,Farnborough,Speed limit
2022-08-01,40,1396,3159,0.441911997467553,Farnborough,Speed limit
2022-09-01,41,1542,3429,0.44969378827646544,Farnborough,Speed limit
2022-10-01,42,1547,3425,0.45167883211678833,Farnborough,Speed limit
2022-11-01,43,1580,3523,0.448481407891002,Farnborough,Speed limit
2022-12-01,44,1720,3861,0.44548044548044546,Farnborough,Speed limit
2023-01-01,45,1534,3522,0.4355479840999432,Farnborough,Speed limit
2023-02-01,46,1395,3030,0.4603960396039604,Farnborough,Speed limit
2023-03-01,47,1499,3537,0.4238054848741872,Farnborough,Speed limit
2023-04-01,48,1465,3304,0.44340193704600483,Farnborough,Speed limit
2023-05-01,49,1572,3547,0.4431914293769383,Farnborough,Speed limit
2023-06-01,50,1542,3456,0.4461805555555556,Farnborough,Speed limit
2023-07-01,51,1439,3298,0.4363250454821104,Farnborough,Speed limit
2023-08-01,52,1336,3137,0.42588460312400384,Farnborough,Speed limit
2023-09-01,53,1516,3396,0.4464075382803298,Farnborough,Speed limit
2023-10-01,54,1502,3490,0.4303724928366762,Farnborough,Speed limit
2023-11-01,55,1595,3660,0.43579234972677594,Farnborough,Speed limit
2023-12-01,56,1678,3732,0.44962486602357987,Farnborough,Speed limit
2024-01-01,57,1518,3580,0.4240223463687151,Farnborough,Speed limit
2024-02-01,58,1388,3320,0.41807228915662653,Farnborough,Speed limit
2024-03-01,59,1495,3453,0.4329568491167101,Farnborough,Speed limit
2024-04-01,60,1443,3368,0.42844418052256533,Farnborough,Speed limit
2019-04-01,0,18246,34806,0.5242199620755043,Leeds (Leeds),Cleaner vehicles
2019-05-01,1,19547,37269,0.5244841557326464,Leeds (Leeds),Cleaner vehicles
2019-06-01,2,18237,34514,0.5283942747870429,Leeds (Leeds),Cleaner vehicles
2019-07-01,3,18742,35455,0.5286137357213369,Leeds (Leeds),Cleaner vehicles
2019-08-01,4,20358,38723,0.5257340598610645,Leeds (Leeds),Cleaner vehicles
2019-09-01,5,19497,36462,0.5347210794800066,Leeds (Leeds),Cleaner vehicles
2019-10-01,6,20887,39053,0.5348372724246536,Leeds (Leeds),Cleaner vehicles
2019-11-01,7,20255,37739,0.536712684490845,Leeds (Leeds),Cleaner vehicles
2019-12-01,8,20993,39268,0.5346083324844657,Leeds (Leeds),Cleaner vehicles
2020-01-01,9,20516,38503,0.5328415967586941,Leeds (Leeds),Cleaner vehicles
2020-02-01,10,18089,34273,0.5277915560353631,Leeds (Leeds),Cleaner vehicles
2020-03-01,11,29261,53293,0.5490589758504869,Leeds (Leeds),Cleaner vehicles
2020-04-01,12,20848,39687,0.5253105550936075,Leeds (Leeds),Cleaner vehicles
2020-05-01,13,17669,35235,0.5014616148715766,Leeds (Leeds),Cleaner vehicles
2020-06-01,14,18166,35918,0.5057631271228911,Leeds (Leeds),Cleaner vehicles
2020-07-01,15,18064,35968,0.5022241992882562,Leeds (Leeds),Cleaner vehicles
2020-08-01,16,16588,33061,0.5017392093403104,Leeds (Leeds),Cleaner vehicles
2020-09-01,17,19791,38129,0.5190537386241444,Leeds (Leeds),Cleaner vehicles
2020-10-01,18,20127,38939,0.516885384832687,Leeds (Leeds),Cleaner vehicles
2020-11-01,19,18836,36748,0.5125721127680418,Leeds (Leeds),Cleaner vehicles
2020-12-01,20,19292,38311,0.503562945368171,Leeds (Leeds),Cleaner vehicles
2021-01-01,21,18292,36161,0.505848842675811,Leeds (Leeds),Cleaner vehicles
2021-02-01,22,16516,33108,0.4988522411501752,Leeds (Leeds),Cleaner vehicles
2021-03-01,23,18804,37162,0.5060007534578332,Leeds (Leeds),Cleaner vehicles
2021-04-01,24,17692,35278,0.5015023527410851,Leeds (Leeds),Cleaner vehicles
2021-05-01,25,16874,33344,0.5060580614203455,Leeds (Leeds),Cleaner vehicles
2021-06-01,26,19060,37171,0.5127653278093137,Leeds (Leeds),Cleaner vehicles
2021-07-01,27,19230,37452,0.5134572252483178,Leeds (Leeds),Cleaner vehicles
2021-08-01,28,17953,35121,0.5111756498960736,Leeds (Leeds),Cleaner vehicles
2021-09-01,29,19634,37721,0.5205058190397922,Leeds (Leeds),Cleaner vehicles
2021-10-01,30,19773,37683,0.5247193694769525,Leeds (Leeds),Cleaner vehicles
2021-11-01,31,20501,39153,0.5236124945725743,Leeds (Leeds),Cleaner vehicles
2021-12-01,32,21227,40725,0.5212277470841007,Leeds (Leeds),Cleaner vehicles
2022-01-01,33,18667,36409,0.5127029031283474,Leeds (Leeds),Cleaner vehicles
2022-02-01,34,16968,33293,0.5096566845883519,Leeds (Leeds),Cleaner vehicles
2022-03-01,35,19657,38210,0.5144464799790631,Leeds (Leeds),Cleaner vehicles
2022-04-01,36,17613,34770,0.5065573770491804,Leeds (Leeds),Cleaner vehicles
2022-05-01,37,18518,36193,0.5116458983781395,Leeds (Leeds),Cleaner vehicles
2022-06-01,38,19099,37208,0.5133035906256719,Leeds (Leeds),Cleaner vehicles
2022-07-01,39,18434,36120,0.5103543743078627,Leeds (Leeds),Cleaner vehicles
2022-08-01,40,18144,35752,0.5074960841351532,Leeds (Leeds),Cleaner vehicles
2022-09-01,41,18526,36269,0.5107943422757727,Leeds (Leeds),Cleaner vehicles
2022-10-01,42,18683,36278,0.5149953139643861,Leeds (Leeds),Cleaner vehicles
2022-11-01,43,19351,37653,0.5139298329482379,Leeds (Leeds),Cleaner vehicles
2022-12-01,44,20982,40343,0.5200902263093969,Leeds (Leeds),Cleaner vehicles
2023-01-01,45,19567,38211,0.512077673968229,Leeds (Leeds),Cleaner vehicles
2023-02-01,46,16734,33147,0.5048420671553987,Leeds (Leeds),Cleaner vehicles
2023-03-01,47,19369,38266,0.5061673548319657,Leeds (Leeds),Cleaner vehicles
2023-04-01,48,16822,33327,0.5047559036216881,Leeds (Leeds),Cleaner vehicles
2023-05-01,49,17950,35570,0.5046387405116671,Leeds (Leeds),Cleaner vehicles
2023-06-01,50,18921,37301,0.5072518163051929,Leeds (Leeds),Cleaner vehicles
2023-07-01,51,17585,35103,0.5009543343873742,Leeds (Leeds),Cleaner vehicles
2023-08-01,52,17412,34960,0.49805491990846684,Leeds (Leeds),Cleaner vehicles
2023-09-01,53,17402,34411,0.5057103833076633,Leeds (Leeds),Cleaner vehicles
2023-10-01,54,18573,36724,0.505745561485677,Leeds (Leeds),Cleaner vehicles
2023-11-01,55,19534,38427,0.5083404897598043,Leeds (Leeds),Cleaner vehicles
2023-12-01,56,19287,38025,0.5072189349112426,Leeds (Leeds),Cleaner vehicles
2024-01-01,57,18818,37677,0.4994559014783555,Leeds (Leeds),Cleaner vehicles
2024-02-01,58,17851,35569,0.5018696055553994,Leeds (Leeds),Cleaner vehicles
2024-03-01,59,17332,35047,0.4945359089223043,Leeds (Leeds),Cleaner vehicles
2024-04-01,60,17849,36028,0.49542022871100255,Leeds (Leeds),Cleaner vehicles
2019-04-01,0,14289,25352,0.5636241716629852,Newcastle upon Tyne,CAZ C
2019-05-01,1,15466,27604,0.5602811186784524,Newcastle upon Tyne,CAZ C
2019-06-01,2,14033,25173,0.5574623604655782,Newcastle upon Tyne,CAZ C
2019-07-01,3,14649,26053,0.5622768970943846,Newcastle upon Tyne,CAZ C
2019-08-01,4,15295,27349,0.5592526234962887,Newcastle upon Tyne,CAZ C
2019-09-01,5,14888,26248,0.5672051203901249,Newcastle upon Tyne,CAZ C
2019-10-01,6,15994,28510,0.560996141704665,Newcastle upon Tyne,CAZ C
2019-11-01,7,14684,26194,0.5605863938306482,Newcastle upon Tyne,CAZ C
2019-12-01,8,15170,27153,0.5586859647184473,Newcastle upon Tyne,CAZ C
2020-01-01,9,15862,28516,0.5562491232992004,Newcastle upon Tyne,CAZ C
2020-02-01,10,13563,24384,0.5562253937007874,Newcastle upon Tyne,CAZ C
2020-03-01,11,21157,37310,0.5670597694987939,Newcastle upon Tyne,CAZ C
2020-04-01,12,15823,29049,0.5447003339185514,Newcastle upon Tyne,CAZ C
2020-05-01,13,13441,25139,0.5346672500895023,Newcastle upon Tyne,CAZ C
2020-06-01,14,13376,25131,0.5322510047351876,Newcastle upon Tyne,CAZ C
2020-07-01,15,14229,26593,0.5350656187718572,Newcastle upon Tyne,CAZ C
2020-08-01,16,12810,23790,0.5384615384615384,Newcastle upon Tyne,CAZ C
2020-09-01,17,14964,27470,0.5447397160538769,Newcastle upon Tyne,CAZ C
2020-10-01,18,14678,26932,0.5450022278330611,Newcastle upon Tyne,CAZ C
2020-11-01,19,14108,26255,0.5373452675680823,Newcastle upon Tyne,CAZ C
2020-12-01,20,14963,27745,0.5393043791674176,Newcastle upon Tyne,CAZ C
2021-01-01,21,13368,25007,0.5345703203103132,Newcastle upon Tyne,CAZ C
2021-02-01,22,12846,24187,0.5311117542481498,Newcastle upon Tyne,CAZ C
2021-03-01,23,14134,26467,0.534023500963464,Newcastle upon Tyne,CAZ C
2021-04-01,24,13402,24901,0.5382113168145858,Newcastle upon Tyne,CAZ C
2021-05-01,25,12706,23834,0.5331039691197449,Newcastle upon Tyne,CAZ C
2021-06-01,26,14131,26094,0.5415421169617537,Newcastle upon Tyne,CAZ C
2021-07-01,27,14375,26593,0.5405557853570488,Newcastle upon Tyne,CAZ C
2021-08-01,28,12991,24206,0.5366851193918863,Newcastle upon Tyne,CAZ C
2021-09-01,29,14650,26826,0.5461119809140386,Newcastle upon Tyne,CAZ C
2021-10-01,30,13707,25359,0.5405181592334083,Newcastle upon Tyne,CAZ C
2021-11-01,31,14228,26033,0.5465370875427342,Newcastle upon Tyne,CAZ C
2021-12-01,32,15552,28486,0.5459523976690304,Newcastle upon Tyne,CAZ C
2022-01-01,33,14006,25891,0.5409601792128539,Newcastle upon Tyne,CAZ C
2022-02-01,34,12654,23553,0.5372564004585403,Newcastle upon Tyne,CAZ C
2022-03-01,35,14336,26640,0.5381381381381382,Newcastle upon Tyne,CAZ C
2022-04-01,36,13323,24598,0.5416294007642898,Newcastle upon Tyne,CAZ C
2022-05-01,37,13512,25324,0.5335649976307061,Newcastle upon Tyne,CAZ C
2022-06-01,38,13922,25795,0.5397169994184919,Newcastle upon Tyne,CAZ C
2022-07-01,39,13967,25837,0.5405813368425126,Newcastle upon Tyne,CAZ C
2022-08-01,40,13750,25602,0.5370674166080774,Newcastle upon Tyne,CAZ C
2022-09-01,41,14066,26078,0.53938185443669,Newcastle upon Tyne,CAZ C
2022-10-01,42,13602,25346,0.5366527262684447,Newcastle upon Tyne,CAZ C
2022-11-01,43,14196,26298,0.539812913529546,Newcastle upon Tyne,CAZ C
2022-12-01,44,15247,28108,0.5424434324747403,Newcastle upon Tyne,CAZ C
2023-01-01,45,14088,26365,0.5343447752702446,Newcastle upon Tyne,CAZ C
2023-02-01,46,12407,23290,0.5327179046801203,Newcastle upon Tyne,CAZ C
2023-03-01,47,13732,25948,0.5292122706952366,Newcastle upon Tyne,CAZ C
2023-04-01,48,12381,23706,0.5222728423184004,Newcastle upon Tyne,CAZ C
2023-05-01,49,13317,25143,0.529650399713638,Newcastle upon Tyne,CAZ C
2023-06-01,50,13424,25685,0.5226396729608721,Newcastle upon Tyne,CAZ C
2023-07-01,51,12737,24358,0.5229082847524428,Newcastle upon Tyne,CAZ C
2023-08-01,52,12638,24264,0.5208539399934059,Newcastle upon Tyne,CAZ C
2023-09-01,53,12729,24428,0.5210823644997544,Newcastle upon Tyne,CAZ C
2023-10-01,54,13293,25296,0.5254981024667932,Newcastle upon Tyne,CAZ C
2023-11-01,55,13351,25263,0.5284803863357479,Newcastle upon Tyne,CAZ C
2023-12-01,56,13814,26239,0.52646823430771,Newcastle upon Tyne,CAZ C
2024-01-01,57,13762,26326,0.5227531717693535,Newcastle upon Tyne,CAZ C
2024-02-01,58,12831,24616,0.521246343841404,Newcastle upon Tyne,CAZ C
2024-03-01,59,12381,24184,0.5119500496195832,Newcastle upon Tyne,CAZ C
2024-04-01,60,12564,24233,0.518466553872818,Newcastle upon Tyne,CAZ C
2019-04-01,0,10932,21040,0.5195817490494297,Nottingham,Cleaner vehicles
2019-05-01,1,12384,23791,0.52053297465428106,Nottingham,Cleaner vehicles
2019-06-01,2,11558,22300,0.5182959641255606,Nottingham,Cleaner vehicles
2019-07-01,3,12257,23378,0.5242963469928993,Nottingham,Cleaner vehicles
2019-08-01,4,12146,23518,0.5164554809082404,Nottingham,Cleaner vehicles
2019-09-01,5,11997,22951,0.5227223214674742,Nottingham,Cleaner vehicles
2019-10-01,6,13087,25144,0.5204820235443843,Nottingham,Cleaner vehicles
2019-11-01,7,12473,24231,0.5147538277413231,Nottingham,Cleaner vehicles
2019-12-01,8,13177,25105,0.5248755228042222,Nottingham,Cleaner vehicles
2020-01-01,9,12922,25101,0.5148002071630612,Nottingham,Cleaner vehicles
2020-02-01,10,11661,22802,0.5114025085518814,Nottingham,Cleaner vehicles
2020-03-01,11,17263,32792,0.5264393754574287,Nottingham,Cleaner vehicles
2020-04-01,12,12681,24969,0.5078697585005407,Nottingham,Cleaner vehicles
2020-05-01,13,11433,23411,0.4883601725684507,Nottingham,Cleaner vehicles
2020-06-01,14,11762,23841,0.4933517889350279,Nottingham,Cleaner vehicles
2020-07-01,15,11890,24192,0.49148478835978837,Nottingham,Cleaner vehicles
2020-08-01,16,10846,22012,0.49273123750681447,Nottingham,Cleaner vehicles
2020-09-01,17,12675,25239,0.502198977772495,Nottingham,Cleaner vehicles
2020-10-01,18,12591,25248,0.4986929657794677,Nottingham,Cleaner vehicles
2020-11-01,19,12131,24438,0.49639905065881007,Nottingham,Cleaner vehicles
2020-12-01,20,12300,25154,0.4889878349367894,Nottingham,Cleaner vehicles
2021-01-01,21,12117,24707,0.49042781397984375,Nottingham,Cleaner vehicles
2021-02-01,22,10711,22014,0.4865540110838557,Nottingham,Cleaner vehicles
2021-03-01,23,11659,23894,0.4879467648782121,Nottingham,Cleaner vehicles
2021-04-01,24,11789,24111,0.48894695367259755,Nottingham,Cleaner vehicles
2021-05-01,25,11401,23179,0.4918676388109927,Nottingham,Cleaner vehicles
2021-06-01,26,12131,24511,0.4949206478723838,Nottingham,Cleaner vehicles
2021-07-01,27,12387,24889,0.4976897424565069,Nottingham,Cleaner vehicles
2021-08-01,28,11626,23540,0.4938827527612574,Nottingham,Cleaner vehicles
2021-09-01,29,12612,25274,0.49901084118065997,Nottingham,Cleaner vehicles
2021-10-01,30,12570,24945,0.5039085989176187,Nottingham,Cleaner vehicles
2021-11-01,31,12878,25769,0.49974775893515466,Nottingham,Cleaner vehicles
2021-12-01,32,13693,27130,0.5047180243273129,Nottingham,Cleaner vehicles
2022-01-01,33,12339,24917,0.49520407753742424,Nottingham,Cleaner vehicles
2022-02-01,34,11688,23635,0.4945208377406389,Nottingham,Cleaner vehicles
2022-03-01,35,12867,25741,0.49986403014645897,Nottingham,Cleaner vehicles
2022-04-01,36,12130,24201,0.5012189578943019,Nottingham,Cleaner vehicles
2022-05-01,37,13107,26031,0.5035150397602858,Nottingham,Cleaner vehicles
2022-06-01,38,12798,25461,0.5026511134676565,Nottingham,Cleaner vehicles
2022-07-01,39,12415,25096,0.4947003506534906,Nottingham,Cleaner vehicles
2022-08-01,40,12081,24819,0.4867641726096942,Nottingham,Cleaner vehicles
2022-09-01,41,12255,24611,0.49794807200032504,Nottingham,Cleaner vehicles
2022-10-01,42,12064,24625,0.4899086294416244,Nottingham,Cleaner vehicles
2022-11-01,43,12618,25730,0.49040031092110375,Nottingham,Cleaner vehicles
2022-12-01,44,13568,27247,0.49796307850405547,Nottingham,Cleaner vehicles
2023-01-01,45,12693,26099,0.4863404728150504,Nottingham,Cleaner vehicles
2023-02-01,46,11302,23202,0.4871131798982846,Nottingham,Cleaner vehicles
2023-03-01,47,12782,26339,0.48528797600516344,Nottingham,Cleaner vehicles
2023-04-01,48,10682,22332,0.4783270643023464,Nottingham,Cleaner vehicles
2023-05-01,49,11632,24070,0.4832571665974242,Nottingham,Cleaner vehicles
2023-06-01,50,12837,26128,0.4913120024494795,Nottingham,Cleaner vehicles
2023-07-01,51,11586,24191,0.47893844818320863,Nottingham,Cleaner vehicles
2023-08-01,52,11262,23477,0.47970353963453594,Nottingham,Cleaner vehicles
2023-09-01,53,11649,24105,0.4832607342874922,Nottingham,Cleaner vehicles
2023-10-01,54,12205,24857,0.4910085690147645,Nottingham,Cleaner vehicles
2023-11-01,55,12316,25348,0.48587659775919206,Nottingham,Cleaner vehicles
2023-12-01,56,12383,25659,0.482598698312483,Nottingham,Cleaner vehicles
2024-01-01,57,12120,25095,0.4829647340107591,Nottingham,Cleaner vehicles
2024-02-01,58,11330,23702,0.47801873259640537,Nottingham,Cleaner vehicles
2024-03-01,59,11221,23636,0.4747419191064478,Nottingham,Cleaner vehicles
2024-04-01,60,11406,24183,0.47165364098747053,Nottingham,Cleaner vehicles
2019-04-01,0,7427,14002,0.5304242251106984,Portsmouth,CAZ B
2019-05-01,1,7508,14556,0.5158010442429238,Portsmouth,CAZ B
2019-06-01,2,7069,13573,0.5208133795034259,Portsmouth,CAZ B
2019-07-01,3,7455,14430,0.5166320166320166,Portsmouth,CAZ B
2019-08-01,4,7836,15281,0.5127936653360382,Portsmouth,CAZ B
2019-09-01,5,7709,14824,0.5200350782514841,Portsmouth,CAZ B
2019-10-01,6,8109,15629,0.5188431761469063,Portsmouth,CAZ B
2019-11-01,7,7947,15274,0.520295927720309,Portsmouth,CAZ B
2019-12-01,8,8227,15542,0.5293398533007335,Portsmouth,CAZ B
2020-01-01,9,8271,15767,0.5245766474281728,Portsmouth,CAZ B
2020-02-01,10,7466,14164,0.5271109855972889,Portsmouth,CAZ B
2020-03-01,11,12540,23593,0.5315135845377866,Portsmouth,CAZ B
2020-04-01,12,8577,16474,0.5206385820080126,Portsmouth,CAZ B
2020-05-01,13,7520,15162,0.4959767840654267,Portsmouth,CAZ B
2020-06-01,14,7572,15151,0.49976899214573295,Portsmouth,CAZ B
2020-07-01,15,7766,15780,0.4921419518377693,Portsmouth,CAZ B
2020-08-01,16,7197,14359,0.5012187478236646,Portsmouth,CAZ B
2020-09-01,17,8597,16980,0.506301531213192,Portsmouth,CAZ B
2020-10-01,18,8516,16979,0.5015607515165793,Portsmouth,CAZ B
2020-11-01,19,8375,16621,0.5038806329342398,Portsmouth,CAZ B
2020-12-01,20,8787,17576,0.49994310423304505,Portsmouth,CAZ B
2021-01-01,21,8157,16393,0.49759043494174343,Portsmouth,CAZ B
2021-02-01,22,7339,14941,0.4911987149454521,Portsmouth,CAZ B
2021-03-01,23,7976,16244,0.49101206599359765,Portsmouth,CAZ B
2021-04-01,24,7655,15473,0.49473276029212176,Portsmouth,CAZ B
2021-05-01,25,7329,14826,0.4943342776203966,Portsmouth,CAZ B
2021-06-01,26,8262,16582,0.49825111566759134,Portsmouth,CAZ B
2021-07-01,27,8320,16573,0.5020213600434441,Portsmouth,CAZ B
2021-08-01,28,7574,15300,0.4950326797385621,Portsmouth,CAZ B
2021-09-01,29,8849,17140,0.5162777129521587,Portsmouth,CAZ B
2021-10-01,30,8621,16923,0.5094250428411038,Portsmouth,CAZ B
2021-11-01,31,9094,17682,0.5143083361610677,Portsmouth,CAZ B
2021-12-01,32,9507,18701,0.5083685364419015,Portsmouth,CAZ B
2022-01-01,33,8551,16666,0.5130805232209288,Portsmouth,CAZ B
2022-02-01,34,8072,16277,0.4959144805553849,Portsmouth,CAZ B
2022-03-01,35,9152,18276,0.5007660319544758,Portsmouth,CAZ B
2022-04-01,36,8177,16444,0.49726343955242036,Portsmouth,CAZ B
2022-05-01,37,8340,17163,0.4859290333857717,Portsmouth,CAZ B
2022-06-01,38,8169,16480,0.49569174757281553,Portsmouth,CAZ B
2022-07-01,39,8186,16680,0.4907673860911271,Portsmouth,CAZ B
2022-08-01,40,8298,16988,0.48846244407817285,Portsmouth,CAZ B
2022-09-01,41,8088,16695,0.4844564240790656,Portsmouth,CAZ B
2022-10-01,42,8998,18590,0.4840236686390533,Portsmouth,CAZ B
2022-11-01,43,9122,19752,0.4618266504657756,Portsmouth,CAZ B
2022-12-01,44,10002,20301,0.4926850894044628,Portsmouth,CAZ B
2023-01-01,45,9559,20017,0.47754408752560323,Portsmouth,CAZ B
2023-02-01,46,8404,17740,0.47373167981961667,Portsmouth,CAZ B
2023-03-01,47,9632,20606,0.4674366689313792,Portsmouth,CAZ B
2023-04-01,48,8255,17678,0.46696458875438396,Portsmouth,CAZ B
2023-05-01,49,8790,19954,0.44051318031472386,Portsmouth,CAZ B
2023-06-01,50,9046,19601,0.46150706596602215,Portsmouth,CAZ B
2023-07-01,51,8262,18334,0.4506381586124141,Portsmouth,CAZ B
2023-08-01,52,8349,18652,0.4476195582243191,Portsmouth,CAZ B
2023-09-01,53,8307,18614,0.44627699580960567,Portsmouth,CAZ B
2023-10-01,54,8762,19815,0.44219025990411304,Portsmouth,CAZ B
2023-11-01,55,9130,19965,0.4573002754820937,Portsmouth,CAZ B
2023-12-01,56,8889,19506,0.45570593663488157,Portsmouth,CAZ B
2024-01-01,57,9120,20307,0.44910621953021124,Portsmouth,CAZ B
2024-02-01,58,8038,18363,0.43772804008059685,Portsmouth,CAZ B
2024-03-01,59,8175,18744,0.4361395646606914,Portsmouth,CAZ B
2024-04-01,60,8475,19072,0.4443687080536913,Portsmouth,CAZ B
2019-04-01,0,19416,39043,0.49729785108726277,Sheffield,CAZ C
2019-05-01,1,21703,43411,0.4999424109096773,Sheffield,CAZ C
2019-06-01,2,20228,40596,0.4982756921864223,Sheffield,CAZ C
2019-07-01,3,19353,38457,0.5032373820110773,Sheffield,CAZ C
2019-08-01,4,22703,45527,0.49867111823752935,Sheffield,CAZ C
2019-09-01,5,21259,42258,0.5030763405745657,Sheffield,CAZ C
2019-10-01,6,23166,46430,0.498944647856989,Sheffield,CAZ C
2019-11-01,7,21935,43581,0.5033156650834079,Sheffield,CAZ C
2019-12-01,8,23054,45701,0.5044528566114527,Sheffield,CAZ C
2020-01-01,9,22442,44911,0.4996994054908597,Sheffield,CAZ C
2020-02-01,10,20177,40496,0.4982467404188068,Sheffield,CAZ C
2020-03-01,11,31643,61558,0.5140355437148705,Sheffield,CAZ C
2020-04-01,12,23220,46657,0.497674518293075,Sheffield,CAZ C
2020-05-01,13,19928,41677,0.47815341795234784,Sheffield,CAZ C
2020-06-01,14,20548,43035,0.4774718252585105,Sheffield,CAZ C
2020-07-01,15,20639,43611,0.4732521611520029,Sheffield,CAZ C
2020-08-01,16,18964,39683,0.4778872565078245,Sheffield,CAZ C
2020-09-01,17,21979,45107,0.487263617620325,Sheffield,CAZ C
2020-10-01,18,21655,45156,0.47955974842767296,Sheffield,CAZ C
2020-11-01,19,21147,44259,0.4778011251948756,Sheffield,CAZ C
2020-12-01,20,22604,47788,0.4730057755084959,Sheffield,CAZ C
2021-01-01,21,19689,42034,0.46840652804872246,Sheffield,CAZ C
2021-02-01,22,19061,40411,0.47167850337779316,Sheffield,CAZ C
2021-03-01,23,20852,44376,0.4698936361997476,Sheffield,CAZ C
2021-04-01,24,19847,41890,0.47378849367390785,Sheffield,CAZ C
2021-05-01,25,19285,40903,0.4714813094394054,Sheffield,CAZ C
2021-06-01,26,21324,44376,0.4805300162249865,Sheffield,CAZ C
2021-07-01,27,21534,44792,0.4807554920521522,Sheffield,CAZ C
2021-08-01,28,19378,40822,0.4746950173925824,Sheffield,CAZ C
2021-09-01,29,21589,44812,0.4817682763545479,Sheffield,CAZ C
2021-10-01,30,20854,43057,0.48433471909329495,Sheffield,CAZ C
2021-11-01,31,22281,46222,0.48204318289991777,Sheffield,CAZ C
2021-12-01,32,23921,49580,0.48247277127874144,Sheffield,CAZ C
2022-01-01,33,20762,43709,0.47500514768125557,Sheffield,CAZ C
2022-02-01,34,19165,40367,0.4747689944756856,Sheffield,CAZ C
2022-03-01,35,21576,45264,0.4766702014846235,Sheffield,CAZ C
2022-04-01,36,19949,42142,0.47337572967585784,Sheffield,CAZ C
2022-05-01,37,21352,45150,0.4729125138427464,Sheffield,CAZ C
2022-06-01,38,20837,43541,0.478560437288992,Sheffield,CAZ C
2022-07-01,39,20704,43742,0.4733208358099767,Sheffield,CAZ C
2022-08-01,40,20700,43882,0.4717196116858849,Sheffield,CAZ C
2022-09-01,41,20340,42818,0.4750338642626933,Sheffield,CAZ C
2022-10-01,42,20809,44152,0.4713036782025729,Sheffield,CAZ C
2022-11-01,43,21300,45175,0.47149972329828443,Sheffield,CAZ C
2022-12-01,44,22771,47917,0.47521756370390467,Sheffield,CAZ C
2023-01-01,45,20854,44519,0.46842921000022464,Sheffield,CAZ C
2023-02-01,46,18735,40837,0.4587751303964542,Sheffield,CAZ C
2023-03-01,47,20758,45371,0.4575169160917767,Sheffield,CAZ C
2023-04-01,48,18014,40092,0.4493165718846653,Sheffield,CAZ C
2023-05-01,49,19420,42857,0.4531348437828126,Sheffield,CAZ C
2023-06-01,50,19770,43472,0.4547754876702245,Sheffield,CAZ C
2023-07-01,51,18826,42419,0.44381055659020724,Sheffield,CAZ C
2023-08-01,52,18734,41990,0.4461538461538462,Sheffield,CAZ C
2023-09-01,53,18218,40692,0.4477047085422196,Sheffield,CAZ C
2023-10-01,54,19715,44148,0.44656609585938206,Sheffield,CAZ C
2023-11-01,55,19571,43652,0.4483414276550903,Sheffield,CAZ C
2023-12-01,56,19425,43681,0.44470135756965273,Sheffield,CAZ C
2024-01-01,57,19681,44736,0.4399365164520744,Sheffield,CAZ C
2024-02-01,58,18248,41586,0.4388015197422209,Sheffield,CAZ C
2024-03-01,59,18250,42253,0.431921993704589,Sheffield,CAZ C
2024-04-01,60,18026,41975,0.42944609886837404,Sheffield,CAZ C
2019-04-01,0,11798,21122,0.5585645298740649,Southampton,Cleaner vehicles
2019-05-01,1,11999,21801,0.5503875968992248,Southampton,Cleaner vehicles
2019-06-01,2,11327,20403,0.5551634563544576,Southampton,Cleaner vehicles
2019-07-01,3,10781,19581,0.5505847505234667,Southampton,Cleaner vehicles
2019-08-01,4,12477,22793,0.5474049050146975,Southampton,Cleaner vehicles
2019-09-01,5,11504,20765,0.5540091500120395,Southampton,Cleaner vehicles
2019-10-01,6,13081,23569,0.5550086978658407,Southampton,Cleaner vehicles
2019-11-01,7,13031,23415,0.5565235959854794,Southampton,Cleaner vehicles
2019-12-01,8,12881,23235,0.5543791693565742,Southampton,Cleaner vehicles
2020-01-01,9,13205,23807,0.5546687948922586,Southampton,Cleaner vehicles
2020-02-01,10,12307,22394,0.5495668482629276,Southampton,Cleaner vehicles
2020-03-01,11,18748,33385,0.5615695671708851,Southampton,Cleaner vehicles
2020-04-01,12,13444,24536,0.5479295728725139,Southampton,Cleaner vehicles
2020-05-01,13,11156,20970,0.5319980925131139,Southampton,Cleaner vehicles
2020-06-01,14,11097,20753,0.534717872114875,Southampton,Cleaner vehicles
2020-07-01,15,11468,21285,0.5387831806436457,Southampton,Cleaner vehicles
2020-08-01,16,10122,18798,0.5384615384615384,Southampton,Cleaner vehicles
2020-09-01,17,12480,22842,0.5463619648016811,Southampton,Cleaner vehicles
2020-10-01,18,12404,22975,0.5398911860718172,Southampton,Cleaner vehicles
2020-11-01,19,11721,21846,0.536528426256523,Southampton,Cleaner vehicles
2020-12-01,20,12135,22384,0.5421283059328091,Southampton,Cleaner vehicles
2021-01-01,21,12039,22446,0.5363539160652232,Southampton,Cleaner vehicles
2021-02-01,22,10606,19625,0.5404331210191082,Southampton,Cleaner vehicles
2021-03-01,23,11426,21260,0.5374412041392286,Southampton,Cleaner vehicles
2021-04-01,24,11119,20703,0.5370719219436797,Southampton,Cleaner vehicles
2021-05-01,25,10854,20170,0.5381259295984134,Southampton,Cleaner vehicles
2021-06-01,26,11473,21031,0.5455280300508772,Southampton,Cleaner vehicles
2021-07-01,27,11584,21300,0.5438497652582159,Southampton,Cleaner vehicles
2021-08-01,28,10861,20063,0.5413447639934207,Southampton,Cleaner vehicles
2021-09-01,29,12194,22205,0.5491555955865796,Southampton,Cleaner vehicles
2021-10-01,30,12506,22880,0.5465909090909091,Southampton,Cleaner vehicles
2021-11-01,31,12577,23310,0.5395538395538395,Southampton,Cleaner vehicles
2021-12-01,32,13639,25088,0.5436463647959183,Southampton,Cleaner vehicles
2022-01-01,33,11120,20585,0.5401991741559388,Southampton,Cleaner vehicles
2022-02-01,34,11629,21836,0.5325609085913171,Southampton,Cleaner vehicles
2022-03-01,35,12756,23842,0.5350222296787183,Southampton,Cleaner vehicles
2022-04-01,36,11548,21525,0.5364924506387921,Southampton,Cleaner vehicles
2022-05-01,37,12079,22573,0.5351083152438755,Southampton,Cleaner vehicles
2022-06-01,38,11541,21795,0.529525120440468,Southampton,Cleaner vehicles
2022-07-01,39,11763,22214,0.5295309264427839,Southampton,Cleaner vehicles
2022-08-01,40,11351,21558,0.5265330735689767,Southampton,Cleaner vehicles
2022-09-01,41,11663,22394,0.5208091453067786,Southampton,Cleaner vehicles
2022-10-01,42,11747,22553,0.5208619695827607,Southampton,Cleaner vehicles
2022-11-01,43,11549,22286,0.5182177151574979,Southampton,Cleaner vehicles
2022-12-01,44,13164,24627,0.5345352661712754,Southampton,Cleaner vehicles
2023-01-01,45,12719,24056,0.5287246425008314,Southampton,Cleaner vehicles
2023-02-01,46,11207,21671,0.5171427253010936,Southampton,Cleaner vehicles
2023-03-01,47,12275,23779,0.5162117835064552,Southampton,Cleaner vehicles
2023-04-01,48,10458,20683,0.5056326451675289,Southampton,Cleaner vehicles
2023-05-01,49,11323,22281,0.5081908352407881,Southampton,Cleaner vehicles
2023-06-01,50,12356,24058,0.5135921522986117,Southampton,Cleaner vehicles
2023-07-01,51,11087,21769,0.5093022187514356,Southampton,Cleaner vehicles
2023-08-01,52,10925,21686,0.5037812413538688,Southampton,Cleaner vehicles
2023-09-01,53,11133,21879,0.5088440970793912,Southampton,Cleaner vehicles
2023-10-01,54,12049,23750,0.5073263157894737,Southampton,Cleaner vehicles
2023-11-01,55,12582,24152,0.5209506459092414,Southampton,Cleaner vehicles
2023-12-01,56,12156,23464,0.5180702352540061,Southampton,Cleaner vehicles
2024-01-01,57,12445,24309,0.5119503064708544,Southampton,Cleaner vehicles
2024-02-01,58,11174,22228,0.5026992981824726,Southampton,Cleaner vehicles
2024-03-01,59,11336,22317,0.5079535779898732,Southampton,Cleaner vehicles
2024-04-01,60,11278,22502,0.501199893342814,Southampton,Cleaner vehicles
